{"DataContractVersion":"1.1","DocumentTypes":[{"DocumentTypeId":"VA.Routing.4142","Group":"VA","Category":"Routing","Name":"4142","OptionalUniqueIdentifier":null,"TypeField":{"FieldId":"VA.Routing.4142.DocumentType","FieldName":"Document Type"},"Fields":[{"FieldId":"VA.Routing.4142.1","FieldName":"1","IsMultiValue":false,"Type":"Text","DeriveFieldsFormat":"","Components":[],"SetValues":[],"Metadata":[]},{"FieldId":"VA.Routing.4142.2","FieldName":"2","IsMultiValue":false,"Type":"Text","DeriveFieldsFormat":"","Components":[],"SetValues":[],"Metadata":[]},{"FieldId":"VA.Routing.4142.3","FieldName":"3","IsMultiValue":false,"Type":"Text","DeriveFieldsFormat":"","Components":[],"SetValues":[],"Metadata":[]},{"FieldId":"VA.Routing.4142.4","FieldName":"4","IsMultiValue":false,"Type":"Text","DeriveFieldsFormat":"","Components":[],"SetValues":[],"Metadata":[]},{"FieldId":"VA.Routing.4142.5","FieldName":"5","IsMultiValue":false,"Type":"Text","DeriveFieldsFormat":"","Components":[],"SetValues":[],"Metadata":[]},{"FieldId":"VA.Routing.4142.6","FieldName":"6","IsMultiValue":true,"Type":"Text","DeriveFieldsFormat":"","Components":[],"SetValues":[],"Metadata":[]},{"FieldId":"VA.Routing.4142.7","FieldName":"7","IsMultiValue":false,"Type":"Text","DeriveFieldsFormat":"","Components":[],"SetValues":[],"Metadata":[]},{"FieldId":"VA.Routing.4142.8","FieldName":"8","IsMultiValue":false,"Type":"Text","DeriveFieldsFormat":"","Components":[],"SetValues":[],"Metadata":[]},{"FieldId":"VA.Routing.4142.9","FieldName":"9","IsMultiValue":false,"Type":"Text","DeriveFieldsFormat":"","Components":[],"SetValues":[],"Metadata":[]},{"FieldId":"VA.Routing.4142.10","FieldName":"10","IsMultiValue":false,"Type":"Text","DeriveFieldsFormat":"","Components":[],"SetValues":[],"Metadata":[]},{"FieldId":"VA.Routing.4142.11","FieldName":"11","IsMultiValue":false,"Type":"Text","DeriveFieldsFormat":"","Components":[],"SetValues":[],"Metadata":[]}]}],"Groups":[{"Name":"VA","Categories":["Routing"]}],"SupportedLanguages":[{"Name":"Undetermined Language","Code":"und"},{"Name":"Bulgarian","Code":"bul"},{"Name":"Cantonese","Code":"yue"},{"Name":"Danish","Code":"dan"},{"Name":"Dutch","Code":"nld"},{"Name":"English","Code":"eng"},{"Name":"French","Code":"fra"},{"Name":"Georgian","Code":"kat"},{"Name":"German","Code":"deu"},{"Name":"Greek","Code":"ell"},{"Name":"Hebrew","Code":"heb"},{"Name":"Hindi","Code":"hin"},{"Name":"Italian","Code":"ita"},{"Name":"Japanese","Code":"jpn"},{"Name":"Korean","Code":"kor"},{"Name":"Macedonian","Code":"mkd"},{"Name":"Mandarin","Code":"zho"},{"Name":"Marathi","Code":"mar"},{"Name":"Norwegian","Code":"nor"},{"Name":"Polish","Code":"pol"},{"Name":"Portuguese","Code":"por"},{"Name":"Romanian","Code":"ron"},{"Name":"Russian","Code":"rus"},{"Name":"Serbian","Code":"srp"},{"Name":"Spanish","Code":"spa"},{"Name":"Swedish","Code":"swe"},{"Name":"Telugu","Code":"tel"}]}